Domain,Problem,Zero-Shot,One-Shot,Few-Shot,Role Prompting,Chain-of-Thought
Education,How can a student improve their study habits?,"The student is now completing in three major subjects (EURY, B) and M.D.A.A.A.A.A.A.A.A.A.A.A.A.A.A.A.A.A.A.A.A.A.A.A.A.A.A.A.A.A.A","How can I prepare for a exam?
Answer:
Answer:
How can I prepare for an exam?
Answer:
Question:
How can I prepare for an exam?
Answer:
How can I prepare for an exam?
Answer:
How can I prepare for a exam?
Answer:
Question:
How can I prepare for an exam?
Answer:","Consider a few things:
You can practice your own learning.
Test on your own.
Test on your own.
Test on your own.
Test on your own.
Test on your own.
Test on your own.
Test on your own.
Test on your own.
Test on your own.
Test on your own.
Test on your own.","I am not a student.
I am not a student.
I am not a teacher.
I am not a student.
I am not a student.
I am not a student.
I am not a student.
I am not a student.
I am not a student.
I am not a student.
I am not a student.
I am not","What is the key to a student's study habits?
Answer:
How can a student learn a new game?
Answer:
What is the key to a student's study habits?
Answer:
What is the key to a student's study habits?
Answer:
What is the key to a student's study habits?
Answer:
What is the key to a student"
Healthcare,What are some general ways to maintain a healthy lifestyle?,"How long are you going to keep being healthy?
Answer:
What are the most common ways to maintain a healthy lifestyle?
Answer:
So what is your diet?
Answer:
How long are you going to keep being healthy?
Answer:
What are the most common ways to keep a healthy lifestyle?
Answer:
How long are you going to keep being healthy?","Do you have a schedule you find helpful?
Answer:
Do you want a quick break?
Answer:
If you want to maintain a healthy lifestyle, do you have a schedule you find helpful?
Answer:
It depends on the amount of time you have each day.
How many days do you spend as a student?
Answer:
If you have a schedule, do","Do I have any specific topics that you would like to discuss?
Answer:
Find a topic that can be helpful in your life.
Example 4:
Question:
How can I learn the language?
Answer:
If I have a very specific topic, you can easily find a place to start.
Example 5:
Question:
Why can I learn to write?","The following answer is important:
The primary purpose of a healthy lifestyle is to maintain healthy habits.
The primary purpose of a healthy lifestyle is to maintain healthy habits.
The primary purpose of a healthy lifestyle is to maintain healthy habits.
The primary purpose of a healthy lifestyle is to maintain healthy habits.
The primary purpose of a healthy lifestyle is to maintain healthy habits.
The primary purpose","Are you having a healthy life?
Answer:
You have to be sure you are living it.
Question:
What should I do to keep my health going?
Answer:
You have to be sure you are physically healthy.
Question:
Do you need other ways to maintain your health?
Answer:
You have to be sure that you are healthy.
Question:"
Finance,What are some simple ways to save money?,"I would be grateful if you could help save your money.
Answer:
I would spend a lot of money on the day and I would have more money.
Question:
How can you get things done?
Answer:
I would spend $10,000 to get a new car.
Question:
How can you get this car to go?
Answer:
I would","How can I save money?
Answer:
What can I do to save money?
Answer:
How can I take advantage of a savings account?
Answer:
How can I do to save money?
Answer:
How can I take advantage of a savings account?
Answer:
How can I take advantage of a savings account?
Answer:
How can I take","Take long breaks, take short breaks, and study in a quiet place.
Example 4:
Question:
How can I improve my concentration?
Answer:
Take short breaks, take short breaks, and study in a quiet place.
Example 5:
Question:
How can I improve my concentration?
Answer:
Take short breaks, take short breaks, and study in a","You cannot save money unless you have a budget for your house.
Answer:
You can save money only if you have a budget for your house, and it is within your budget of the house.
Answer:
You can save money only if you have a budget for your house.
Answer:
You can save money only if you have a budget for your house.
Answer:","In the past, I used a credit card account to pay my credit card bills, and I used a credit card account to pay my bills.
You might also like to read some simple tips for saving money by taking a look at these simple tips.
How to save money?
1) In the form of a debit card, you can save up to one percent of your money by taking"
Customer Support,A customer received a damaged product. How should the support team respond?,"A customer received a damaged product. What would the customer expect from a damaged product?
Answer:
A customer received a damaged product. What would the customer expect from a damaged product?
Answer:
A customer received a damaged product. What would the customer expect from a damaged product?
Answer:
A customer received a damaged product. What would the customer expect from a damaged product?","A customer received a damaged product. How should the support team respond?
Answer:
A customer received a damaged product. How should the support team respond?
This question is related to the problem of the product being damaged by a broken product, but it is very important to remember that it is possible to avoid this problem.
As the customer is not able to read the instructions, he immediately","If the customer were unable to recover the product, they should contact the customer, and the customer should be able to return the damaged product.
To ensure the customer understands the customer needs, the Customer will contact the Customer.
To ensure the customer understands the customer needs, the Customer will contact the Customer.
To ensure the customer understands the customer needs, the Customer will contact the Customer.","A customer was not injured or injured or injured by a faulty product.
Answer:
You were not injured or injured.
Answer:
I am unable to provide the support team with any information regarding the condition of this product.
If a customer is injured or injured, please visit the following link
Question:
How should I provide a product to a customer?
Answer:
A","A customer received a damaged product. How should the support team respond?
Answer:
A customer received a damaged product. How should the support team respond?
Answer:
A customer received a damaged product. How should the support team respond?
Answer:
A customer received a damaged product. How should the support team respond?
Answer:
A customer received a damaged product. How"
Programming,How can a beginner find and fix an error in a Python program?,"The Python program is a Python program.
Answer:
The program is a Python program.
Answer:
The Python program is a Python program.
Answer:
The Python program is a Python program.
Answer:
The Python program is a Python program.
Answer:
The Python program is a Python program.
Answer:
The Python program is a Python program.","Solution:
It is a simple set of simple steps that can be used to solve the problem.
It can be explained with a simple line that says:
What can you do to fix the problem?
Answer:
What can you do to solve the problem?
Answer:
What can you do to fix the problem?
Answer:
What can I do to fix the problem","Try your best to find and fix an error in a Python program.
Example 4:
Question:
How can I develop an example using a Python program?
Answer:
Test in a Python program.
Example 5:
Question:
How can I do this?
Answer:
Test in Python.
Example 6:
Question:
How can I improve my concentration?","The simplest thing to find and fix an error in a Python program is to find and fix an error in a Python program and fix an error in a Python program.
It›s not hard to find and fix an error in a Python program.
Solution:
The simplest thing to find and fix an error in a Python program is to find and fix an error in a Python program.","As a beginner, I am well acquainted with Python and Python.
I have been taught in Python before and I have been taught in the language by a lot of people.
I am especially interested in programming in Python.
I am also interested in the history of Python.
I am also interested in computer programming.
I have been in the language for several years.
I have been"
